dataset,nodes,k,seed_id,algorithm,seed_median_s,seed_iqr_s,n_repeats
digits_n100,100,5,0,dijkstra,0.0017784761200000001,4.943853999992494e-05,6
digits_n100,100,5,0,floyd_warshall,0.00125401454999995,4.4031456249900205e-05,6
digits_n100,100,5,0,johnson,0.0019917987083333,6.730271874997532e-05,6
digits_n100,100,5,1,dijkstra,0.00178406183999995,9.441096000005001e-05,6
digits_n100,100,5,1,floyd_warshall,0.0012454281875000001,4.3496875000000046e-05,6
digits_n100,100,5,1,johnson,0.00208194599999995,0.00012388029545449966,6
digits_n100,100,5,2,dijkstra,0.0017460711666665999,4.0786351851875013e-05,6
digits_n100,100,5,2,floyd_warshall,0.00119767806756755,5.0666155405425066e-05,6
digits_n100,100,5,2,johnson,0.0021012401956521497,2.824480434787495e-05,6
digits_n100,100,5,3,dijkstra,0.0017638791896551,6.643512068962507e-05,6
digits_n100,100,5,3,floyd_warshall,0.0012734382439024,4.626306707320002e-05,6
digits_n100,100,5,3,johnson,0.0020749902391304,8.218458695652495e-05,6
digits_n100,100,5,4,dijkstra,0.0017184952199999501,0.00016728684000002505,6
digits_n100,100,5,4,floyd_warshall,0.0013555410441176,4.203127941174991e-05,6
digits_n100,100,5,4,johnson,0.001966787347826,6.680282608700016e-05,6
digits_n100,100,10,0,dijkstra,0.002229856025,5.2078787499925186e-05,6
digits_n100,100,10,0,floyd_warshall,0.0015644742121212,6.168139393939983e-05,6
digits_n100,100,10,0,johnson,0.0029052245625000002,0.00016089606249999975,6
digits_n100,100,10,1,dijkstra,0.0023692107,4.664476249999997e-05,6
digits_n100,100,10,1,floyd_warshall,0.0016943508833333,4.098703333337505e-05,6
digits_n100,100,10,1,johnson,0.0031219043823529,0.00017216419117645036,6
digits_n100,100,10,2,dijkstra,0.00251591399999995,0.0001491887159090501,6
digits_n100,100,10,2,floyd_warshall,0.00163188858620685,2.0636655172424868e-05,6
digits_n100,100,10,2,johnson,0.0031358234705881503,0.00014782673529407497,6
digits_n100,100,10,3,dijkstra,0.00244002845,0.00026526561250000014,6
digits_n100,100,10,3,floyd_warshall,0.00169255134482755,8.282295689655004e-05,6
digits_n100,100,10,3,johnson,0.00316488992857135,0.0002076108928571502,6
digits_n100,100,10,4,dijkstra,0.0023994011944443996,0.00011877431944447509,6
digits_n100,100,10,4,floyd_warshall,0.00171535234482755,9.593359482757509e-05,6
digits_n100,100,10,4,johnson,0.0030584934411764,7.513113235297492e-05,6
digits_n100,100,20,0,dijkstra,0.00339511199999995,0.00018994407142849988,6
digits_n100,100,20,0,floyd_warshall,0.0019134517222222,9.413585185185009e-05,6
digits_n100,100,20,0,johnson,0.00438485238461535,0.00020179657692304988,6
digits_n100,100,20,1,dijkstra,0.0034257486923076497,1.3961442307700283e-05,6
digits_n100,100,20,1,floyd_warshall,0.0018934124230769,4.6385721153850094e-05,6
digits_n100,100,20,1,johnson,0.0045083852272727,0.00015497375000000056,6
digits_n100,100,20,2,dijkstra,0.0033582582333333,0.0003784548833333499,6
digits_n100,100,20,2,floyd_warshall,0.00173974142857135,6.012633035715003e-05,6
digits_n100,100,20,2,johnson,0.00443086036363635,5.180790909089898e-05,6
digits_n100,100,20,3,dijkstra,0.0033958566428571,0.00014083239285709974,6
digits_n100,100,20,3,floyd_warshall,0.00181542072413785,9.223880172415009e-05,6
digits_n100,100,20,3,johnson,0.0045105803636363,6.894463636365061e-05,6
digits_n100,100,20,4,dijkstra,0.00329130606666665,1.831341666670011e-05,6
digits_n100,100,20,4,floyd_warshall,0.0018561341034481998,5.599100862065023e-05,6
digits_n100,100,20,4,johnson,0.00447461004166665,0.00013284722916665024,6
digits_n1000,1000,5,0,dijkstra,0.16835258349999999,0.0017915109999999956,6
digits_n1000,1000,5,0,floyd_warshall,0.776687196,0.009955015499999997,6
digits_n1000,1000,5,0,johnson,0.1961645545,0.0103921035,6
digits_n1000,1000,5,1,dijkstra,0.16850200999999998,0.0034722589999999776,6
digits_n1000,1000,5,1,floyd_warshall,0.7642979535000001,0.006585565500000001,6
digits_n1000,1000,5,1,johnson,0.18608043800000001,0.017640265999999988,6
digits_n1000,1000,5,2,dijkstra,0.16704288750000001,0.006371005749999992,6
digits_n1000,1000,5,2,floyd_warshall,0.7709537609999999,0.008366411000000018,6
digits_n1000,1000,5,2,johnson,0.1873389345,0.0034769027500000105,6
digits_n1000,1000,5,3,dijkstra,0.16741892549999998,0.004254047000000011,6
digits_n1000,1000,5,3,floyd_warshall,0.754275823,0.009222537749999926,6
digits_n1000,1000,5,3,johnson,0.209811692,0.010279821249999987,6
digits_n1000,1000,5,4,dijkstra,0.1699354545,0.0066393927500000005,6
digits_n1000,1000,5,4,floyd_warshall,0.787467913,0.003848497250000027,6
digits_n1000,1000,5,4,johnson,0.188539869,0.006220938000000009,6
digits_n1000,1000,10,0,dijkstra,0.223429105,0.006243537000000021,6
digits_n1000,1000,10,0,floyd_warshall,1.016731781,0.010995900499999989,6
digits_n1000,1000,10,0,johnson,0.265961553,0.01643617450000001,6
digits_n1000,1000,10,1,dijkstra,0.232929245,0.003810479750000012,6
digits_n1000,1000,10,1,floyd_warshall,1.1292562465,0.01460908350000012,6
digits_n1000,1000,10,1,johnson,0.2949096175,0.008197198250000037,6
digits_n1000,1000,10,2,dijkstra,0.23547547,0.022055218750000022,6
digits_n1000,1000,10,2,floyd_warshall,1.0373669335,0.09601857224999999,6
digits_n1000,1000,10,2,johnson,0.2632166465,0.028328891000000023,6
digits_n1000,1000,10,3,dijkstra,0.226884087,0.009018655999999986,6
digits_n1000,1000,10,3,floyd_warshall,1.0367310475,0.013830075500000039,6
digits_n1000,1000,10,3,johnson,0.274397612,0.0025545042500000337,6
digits_n1000,1000,10,4,dijkstra,0.2313770645,0.009017182500000026,6
digits_n1000,1000,10,4,floyd_warshall,1.0679350625000001,0.014966327000000001,6
digits_n1000,1000,10,4,johnson,0.275415607,0.023063633000000028,6
digits_n1000,1000,20,0,dijkstra,0.3302046525,0.0037902564999999777,6
digits_n1000,1000,20,0,floyd_warshall,1.18885891,0.05350953125000002,6
digits_n1000,1000,20,0,johnson,0.40494112449999997,0.011931934999999949,6
digits_n1000,1000,20,1,dijkstra,0.337320999,0.006014775000000028,6
digits_n1000,1000,20,1,floyd_warshall,1.21084571,0.010968792749999956,6
digits_n1000,1000,20,1,johnson,0.4054204885,0.007840438749999956,6
digits_n1000,1000,20,2,dijkstra,0.328048747,0.012106736999999979,6
digits_n1000,1000,20,2,floyd_warshall,1.235649672,0.011920223749999792,6
digits_n1000,1000,20,2,johnson,0.40580146650000004,0.004615585749999984,6
digits_n1000,1000,20,3,dijkstra,0.339281183,0.005705364249999956,6
digits_n1000,1000,20,3,floyd_warshall,1.2047404695,0.004409268249999876,6
digits_n1000,1000,20,3,johnson,0.407454457,0.0010543102500000234,6
digits_n1000,1000,20,4,dijkstra,0.3266756595,0.010407992249999998,6
digits_n1000,1000,20,4,floyd_warshall,1.214179125,0.011950399249999855,6
digits_n1000,1000,20,4,johnson,0.403914765,0.0051427780000000145,6
digits_n1250,1250,5,0,dijkstra,0.2693930075,0.0056536382499999815,6
digits_n1250,1250,5,0,floyd_warshall,1.7300070375,0.036062731250000146,6
digits_n1250,1250,5,0,johnson,0.3274123545,0.01415772274999999,6
digits_n1250,1250,5,1,dijkstra,0.266773151,0.005251648500000039,6
digits_n1250,1250,5,1,floyd_warshall,1.410219715,0.13694666900000008,6
digits_n1250,1250,5,1,johnson,0.296474762,0.01951531424999997,6
digits_n1250,1250,5,2,dijkstra,0.261739901,0.015043194500000023,6
digits_n1250,1250,5,2,floyd_warshall,1.4788939,0.014966454750000358,6
digits_n1250,1250,5,2,johnson,0.29576939049999995,0.006801011249999989,6
digits_n1250,1250,5,3,dijkstra,0.2708632165,0.006614065499999933,6
digits_n1250,1250,5,3,floyd_warshall,1.557966875,0.01102611149999988,6
digits_n1250,1250,5,3,johnson,0.2982709685,0.004765997749999973,6
digits_n1250,1250,5,4,dijkstra,0.26703827550000003,0.008207333499999914,6
digits_n1250,1250,5,4,floyd_warshall,1.435627569,0.012447116999999785,6
digits_n1250,1250,5,4,johnson,0.3027270735,0.0031786477499999855,6
digits_n1250,1250,10,0,dijkstra,0.3593116835,0.01280209050000003,6
digits_n1250,1250,10,0,floyd_warshall,2.071636788,0.02457300699999987,6
digits_n1250,1250,10,0,johnson,0.421611286,0.002338065499999986,6
digits_n1250,1250,10,1,dijkstra,0.36345477800000003,0.01689325524999996,6
digits_n1250,1250,10,1,floyd_warshall,2.0864129155,0.04664737700000021,6
digits_n1250,1250,10,1,johnson,0.4187523595,0.0068052335000000075,6
digits_n1250,1250,10,2,dijkstra,0.364441072,0.004612510999999986,6
digits_n1250,1250,10,2,floyd_warshall,2.055902681,0.03490004349999998,6
digits_n1250,1250,10,2,johnson,0.42277475200000003,0.01490847424999997,6
digits_n1250,1250,10,3,dijkstra,0.3652627355,0.005472825999999986,6
digits_n1250,1250,10,3,floyd_warshall,2.0360762589999997,0.026079571499999954,6
digits_n1250,1250,10,3,johnson,0.4229111465,0.0014968650000000139,6
digits_n1250,1250,10,4,dijkstra,0.3542895345,0.01849601175000004,6
digits_n1250,1250,10,4,floyd_warshall,2.014946459,0.025146842499999877,6
digits_n1250,1250,10,4,johnson,0.415674573,0.00501886800000001,6
digits_n1250,1250,20,0,dijkstra,0.520581349,0.013990714500000001,6
digits_n1250,1250,20,0,floyd_warshall,2.3816634504999996,0.03932945425000023,6
digits_n1250,1250,20,0,johnson,0.6487677705,0.010869721999999915,6
digits_n1250,1250,20,1,dijkstra,0.5278017445000001,0.0380235765000001,6
digits_n1250,1250,20,1,floyd_warshall,2.379335801,0.020041863999999965,6
digits_n1250,1250,20,1,johnson,0.6617263305000001,0.045283890250000014,6
digits_n1250,1250,20,2,dijkstra,0.512994795,0.023138482999999987,6
digits_n1250,1250,20,2,floyd_warshall,2.3649072325000002,0.06308298300000015,6
digits_n1250,1250,20,2,johnson,0.6694539885,0.05836149550000003,6
digits_n1250,1250,20,3,dijkstra,0.5376654325,0.007625333500000053,6
digits_n1250,1250,20,3,floyd_warshall,2.3390569975,0.01081244700000017,6
digits_n1250,1250,20,3,johnson,0.645807652,0.0038103262499999957,6
digits_n1250,1250,20,4,dijkstra,0.52827738,0.019704848250000073,6
digits_n1250,1250,20,4,floyd_warshall,2.3681439629999996,0.06783787424999987,6
digits_n1250,1250,20,4,johnson,0.6431152124999999,0.00908144224999996,6
digits_n150,150,5,0,dijkstra,0.00368334780769225,0.00011812159615380005,6
digits_n150,150,5,0,floyd_warshall,0.00338551707142855,9.404185714287491e-05,6
digits_n150,150,5,0,johnson,0.004485438545454501,8.310004545457501e-05,6
digits_n150,150,5,1,dijkstra,0.0037605973461538,0.00014831328846154996,6
digits_n150,150,5,1,floyd_warshall,0.0035297851666666,5.7929733333374894e-05,6
digits_n150,150,5,1,johnson,0.0041873864166666,0.00010556625000005069,6
digits_n150,150,5,2,dijkstra,0.00360498642857135,8.54520000000249e-05,6
digits_n150,150,5,2,floyd_warshall,0.003401887375,0.00010156832812500006,6
digits_n150,150,5,2,johnson,0.0044050647083333,0.00018835131249999963,6
digits_n150,150,5,3,dijkstra,0.0038364613928571004,0.00026289939285707503,6
digits_n150,150,5,3,floyd_warshall,0.0035939737333332998,0.0001860803499999751,6
digits_n150,150,5,3,johnson,0.00429064287499995,0.00026746472916672464,6
digits_n150,150,5,4,dijkstra,0.0034700208928571,0.0001005011428571248,6
digits_n150,150,5,4,floyd_warshall,0.00339661296428565,9.223799999994939e-05,6
digits_n150,150,5,4,johnson,0.004323992333333301,0.00013079885416667544,6
digits_n150,150,10,0,dijkstra,0.00516070285,0.00015099264999999997,6
digits_n150,150,10,0,floyd_warshall,0.005011945125,0.00013208537500000034,6
digits_n150,150,10,0,johnson,0.006650359687499999,0.00023934034374999916,6
digits_n150,150,10,1,dijkstra,0.0048990756363636,9.863209090907495e-05,6
digits_n150,150,10,1,floyd_warshall,0.00487932985,0.00012144212500000105,6
digits_n150,150,10,1,johnson,0.0063857533125,0.00013710899999999984,6
digits_n150,150,10,2,dijkstra,0.00501507055,0.00016987640000007496,6
digits_n150,150,10,2,floyd_warshall,0.004795394454545399,0.0001305035227272995,6
digits_n150,150,10,2,johnson,0.0063200536875000005,0.00013498946874999918,6
digits_n150,150,10,3,dijkstra,0.0050503601999999995,0.00010817260000000033,6
digits_n150,150,10,3,floyd_warshall,0.00488477566666665,3.503869444445012e-05,6
digits_n150,150,10,3,johnson,0.0063786855,0.00015170696875000007,6
digits_n150,150,10,4,dijkstra,0.00493411977272725,0.00010245849999999945,6
digits_n150,150,10,4,floyd_warshall,0.0048501331,9.916847500000044e-05,6
digits_n150,150,10,4,johnson,0.006477384375000001,0.00032647243750000016,6
digits_n150,150,20,0,dijkstra,0.0077194863333332996,0.00031834808333339876,6
digits_n150,150,20,0,floyd_warshall,0.0058738119999999505,0.00022181458333339968,6
digits_n150,150,20,0,johnson,0.0104496725,0.0002181930000000002,6
digits_n150,150,20,1,dijkstra,0.0075971192857142,0.00017094696428572413,6
digits_n150,150,20,1,floyd_warshall,0.0057220507857142,0.0001652923928571002,6
digits_n150,150,20,1,johnson,0.010392921999999999,0.00038270899999999844,6
digits_n150,150,20,2,dijkstra,0.0074405652857142505,0.00020593417857147495,6
digits_n150,150,20,2,floyd_warshall,0.0058698871666666,0.00014435336111112435,6
digits_n150,150,20,2,johnson,0.0103993165,0.0007211024999999992,6
digits_n150,150,20,3,dijkstra,0.0076026023571428,0.00013225539285717427,6
digits_n150,150,20,3,floyd_warshall,0.0057496967222221505,0.00010528813888887548,6
digits_n150,150,20,3,johnson,0.010279300000000002,0.00034137149999999977,6
digits_n150,150,20,4,dijkstra,0.00777699199999995,0.0003366192499999754,6
digits_n150,150,20,4,floyd_warshall,0.0058664673125,0.0001295182500000002,6
digits_n150,150,20,4,johnson,0.010662491,0.00039897600000000054,6
digits_n1500,1500,5,0,dijkstra,0.384212134,0.010039126750000016,6
digits_n1500,1500,5,0,floyd_warshall,2.7337695295,0.07452561474999975,6
digits_n1500,1500,5,0,johnson,0.4345054785,0.03036652025000003,6
digits_n1500,1500,5,1,dijkstra,0.385909546,0.02069035625000004,6
digits_n1500,1500,5,1,floyd_warshall,2.4808131280000003,0.03536954599999964,6
digits_n1500,1500,5,1,johnson,0.4372206825,0.010402993999999999,6
digits_n1500,1500,5,2,dijkstra,0.3847302975,0.017704599749999994,6
digits_n1500,1500,5,2,floyd_warshall,2.3876296075,0.06759713174999993,6
digits_n1500,1500,5,2,johnson,0.4734242285,0.008608525249999999,6
digits_n1500,1500,5,3,dijkstra,0.390978551,0.019645761250000005,6
digits_n1500,1500,5,3,floyd_warshall,2.5857808855,0.035170639249999525,6
digits_n1500,1500,5,3,johnson,0.436271972,0.0070423167499999995,6
digits_n1500,1500,5,4,dijkstra,0.389738986,0.022461366250000003,6
digits_n1500,1500,5,4,floyd_warshall,2.3358765875,0.032800832999999585,6
digits_n1500,1500,5,4,johnson,0.439121322,0.03177181849999999,6
digits_n1500,1500,10,0,dijkstra,0.5260592095000001,0.01966525549999998,6
digits_n1500,1500,10,0,floyd_warshall,3.3668769335000004,0.02765353525000025,6
digits_n1500,1500,10,0,johnson,0.606890827,0.013194035249999958,6
digits_n1500,1500,10,1,dijkstra,0.5254661725,0.012148210999999964,6
digits_n1500,1500,10,1,floyd_warshall,3.507226885,0.015888373500000164,6
digits_n1500,1500,10,1,johnson,0.618678362,0.013194286249999965,6
digits_n1500,1500,10,2,dijkstra,0.516405131,0.019683404749999966,6
digits_n1500,1500,10,2,floyd_warshall,3.574669984,0.08184945024999957,6
digits_n1500,1500,10,2,johnson,0.608814678,0.0024102107500000303,6
digits_n1500,1500,10,3,dijkstra,0.526097283,0.04087104650000001,6
digits_n1500,1500,10,3,floyd_warshall,3.669761457,0.08339946325000014,6
digits_n1500,1500,10,3,johnson,0.613494428,0.00842250099999986,6
digits_n1500,1500,10,4,dijkstra,0.5330096715,0.014887628249999896,6
digits_n1500,1500,10,4,floyd_warshall,3.497452322,0.053970712250000386,6
digits_n1500,1500,10,4,johnson,0.621445137,0.03559944725000008,6
digits_n1500,1500,20,0,dijkstra,0.7648409195,0.057107225750000046,6
digits_n1500,1500,20,0,floyd_warshall,4.225483456,0.2744509130000008,6
digits_n1500,1500,20,0,johnson,0.9410722325,0.0711249932500001,6
digits_n1500,1500,20,1,dijkstra,0.760565382,0.034547520499999984,6
digits_n1500,1500,20,1,floyd_warshall,3.9387502645000003,0.08368679325000006,6
digits_n1500,1500,20,1,johnson,0.953714899,0.06267445825000006,6
digits_n1500,1500,20,2,dijkstra,0.778969551,0.01946444224999999,6
digits_n1500,1500,20,2,floyd_warshall,4.018868739,0.025736273250000608,6
digits_n1500,1500,20,2,johnson,0.947303539,0.007045667500000019,6
digits_n1500,1500,20,3,dijkstra,0.7933131250000001,0.01937460474999997,6
digits_n1500,1500,20,3,floyd_warshall,4.073560776,0.043363041750000164,6
digits_n1500,1500,20,3,johnson,0.952677209,0.022702771249999976,6
digits_n1500,1500,20,4,dijkstra,0.757783769,0.03482660325000009,6
digits_n1500,1500,20,4,floyd_warshall,4.1710970525,0.015716763500000397,6
digits_n1500,1500,20,4,johnson,0.9459644945,0.01951934175000014,6
digits_n1797,1797,5,0,dijkstra,0.558480313,0.02741319200000003,30
digits_n1797,1797,5,0,floyd_warshall,4.945970437,0.10931058950000061,30
digits_n1797,1797,5,0,johnson,0.635515227,0.024026467999999968,30
digits_n1797,1797,10,0,dijkstra,0.769598043,0.041988642249999986,30
digits_n1797,1797,10,0,floyd_warshall,6.0646605430000005,0.12926002925000013,30
digits_n1797,1797,10,0,johnson,0.9095373285,0.0798228875,30
digits_n1797,1797,20,0,dijkstra,1.1586934974999998,0.06220390649999996,30
digits_n1797,1797,20,0,floyd_warshall,7.065458592000001,0.20594142950000016,30
digits_n1797,1797,20,0,johnson,1.4760859545,0.1105551477500002,30
digits_n200,200,5,0,dijkstra,0.0066543711875,0.00012263521875000016,6
digits_n200,200,5,0,floyd_warshall,0.007682939999999999,0.00022399975000000037,6
digits_n200,200,5,0,johnson,0.00811696875,7.74876250000233e-05,6
digits_n200,200,5,1,dijkstra,0.006596267562500001,0.0003218739687499998,6
digits_n200,200,5,1,floyd_warshall,0.008042388357142851,0.00039654875000004995,6
digits_n200,200,5,1,johnson,0.0079189743571428,0.000225675642857125,6
digits_n200,200,5,2,dijkstra,0.0064854174375,0.00016275321874999974,6
digits_n200,200,5,2,floyd_warshall,0.0078471966428571,0.00039347535714287507,6
digits_n200,200,5,2,johnson,0.00823473071428565,0.00036212514285715106,6
digits_n200,200,5,3,dijkstra,0.0067153909166666505,0.0005635670416666754,6
digits_n200,200,5,3,floyd_warshall,0.0076727085,0.0004944644999999998,6
digits_n200,200,5,3,johnson,0.008270814500000001,0.0006655042500000007,6
digits_n200,200,5,4,dijkstra,0.00634064025,0.00018372090625000045,6
digits_n200,200,5,4,floyd_warshall,0.0071432187142856495,0.00026576042857137487,6
digits_n200,200,5,4,johnson,0.0074635167142857,0.0004583177500000002,6
digits_n200,200,10,0,dijkstra,0.009362305500000001,0.000690307250000001,6
digits_n200,200,10,0,floyd_warshall,0.010388602,0.0005976277500000012,6
digits_n200,200,10,0,johnson,0.012057782999999999,0.0006903159999999998,6
digits_n200,200,10,1,dijkstra,0.0087355135833333,2.3502000000024184e-05,6
digits_n200,200,10,1,floyd_warshall,0.0103507925,0.0001685152500000009,6
digits_n200,200,10,1,johnson,0.0117821215,0.00037977050000000123,6
digits_n200,200,10,2,dijkstra,0.0088187548333333,0.00015225345833339878,6
digits_n200,200,10,2,floyd_warshall,0.0107067255,0.00045148050000000037,6
digits_n200,200,10,2,johnson,0.011666885500000002,0.00019518949999999986,6
digits_n200,200,10,3,dijkstra,0.0087630539166666,0.00023282687500005006,6
digits_n200,200,10,3,floyd_warshall,0.0109212875,0.000826958249999999,6
digits_n200,200,10,3,johnson,0.0114155825,0.0005862542500000012,6
digits_n200,200,10,4,dijkstra,0.0087617663333333,0.0002724334999999762,6
digits_n200,200,10,4,floyd_warshall,0.00981376566666665,0.00016100220833330063,6
digits_n200,200,10,4,johnson,0.011292752999999999,0.00018301725000000046,6
digits_n200,200,20,0,dijkstra,0.012960762,0.000809441499999999,6
digits_n200,200,20,0,floyd_warshall,0.0128117495,0.000803263999999998,6
digits_n200,200,20,0,johnson,0.0176572755,0.0008623910000000005,6
digits_n200,200,20,1,dijkstra,0.0131674945,9.874275000000196e-05,6
digits_n200,200,20,1,floyd_warshall,0.0130245825,0.0010987519999999997,6
digits_n200,200,20,1,johnson,0.017530928,0.0004963187500000021,6
digits_n200,200,20,2,dijkstra,0.0134218745,0.00064209925,6
digits_n200,200,20,2,floyd_warshall,0.01200155,0.0013139379999999989,6
digits_n200,200,20,2,johnson,0.016112702,0.00035634900000000233,6
digits_n200,200,20,3,dijkstra,0.0132390015,0.00026997974999999966,6
digits_n200,200,20,3,floyd_warshall,0.012774952999999999,0.0003899319999999991,6
digits_n200,200,20,3,johnson,0.0175393155,0.0007433424999999973,6
digits_n200,200,20,4,dijkstra,0.013158536,0.00023210750000000197,6
digits_n200,200,20,4,floyd_warshall,0.0130767765,0.0006758732500000003,6
digits_n200,200,20,4,johnson,0.0173439595,0.0013254112499999984,6
digits_n250,250,5,0,dijkstra,0.010140068,0.00025767725000000116,6
digits_n250,250,5,0,floyd_warshall,0.013947267499999999,0.0006921902499999986,6
digits_n250,250,5,0,johnson,0.012641501999999999,0.0004291030000000001,6
digits_n250,250,5,1,dijkstra,0.0108154085,0.0003392870000000006,6
digits_n250,250,5,1,floyd_warshall,0.016959765,0.000525966499999999,6
digits_n250,250,5,1,johnson,0.013187634,0.0006578880000000006,6
digits_n250,250,5,2,dijkstra,0.010755774,0.0007372422500000007,6
digits_n250,250,5,2,floyd_warshall,0.0135085055,0.001621717,6
digits_n250,250,5,2,johnson,0.012949946,0.0018800135000000013,6
digits_n250,250,5,3,dijkstra,0.010247527499999999,0.00018593174999999816,6
digits_n250,250,5,3,floyd_warshall,0.014147973000000001,0.0007381797500000016,6
digits_n250,250,5,3,johnson,0.0126088575,0.0003267695000000008,6
digits_n250,250,5,4,dijkstra,0.014176849500000002,0.0026578240000000013,6
digits_n250,250,5,4,floyd_warshall,0.016757386,0.004681866750000001,6
digits_n250,250,5,4,johnson,0.0176304745,0.00034685324999999753,6
digits_n250,250,10,0,dijkstra,0.014076044499999999,0.0004389537500000002,6
digits_n250,250,10,0,floyd_warshall,0.021610973,0.0012984902499999992,6
digits_n250,250,10,0,johnson,0.0182916735,0.0007118460000000021,6
digits_n250,250,10,1,dijkstra,0.0144161755,0.0007507694999999981,6
digits_n250,250,10,1,floyd_warshall,0.020424978,0.0017893880000000029,6
digits_n250,250,10,1,johnson,0.0178235025,0.00033027000000000056,6
digits_n250,250,10,2,dijkstra,0.014056613499999999,0.0006578864999999996,6
digits_n250,250,10,2,floyd_warshall,0.0203239155,0.0013901577500000026,6
digits_n250,250,10,2,johnson,0.017904696499999997,0.0005474725,6
digits_n250,250,10,3,dijkstra,0.014081133499999999,0.00012759550000000092,6
digits_n250,250,10,3,floyd_warshall,0.019524346999999997,0.0010738402500000029,6
digits_n250,250,10,3,johnson,0.017836025999999998,0.0010045972500000028,6
digits_n250,250,10,4,dijkstra,0.01416134,0.00031271700000000055,6
digits_n250,250,10,4,floyd_warshall,0.020053309999999998,0.0008250404999999988,6
digits_n250,250,10,4,johnson,0.018251206,0.000648379999999997,6
digits_n250,250,20,0,dijkstra,0.020812566499999997,0.0005997699999999995,6
digits_n250,250,20,0,floyd_warshall,0.0245438455,0.0010460992500000016,6
digits_n250,250,20,0,johnson,0.0273179785,0.0007912222499999975,6
digits_n250,250,20,1,dijkstra,0.0211024405,0.001145912750000002,6
digits_n250,250,20,1,floyd_warshall,0.021828246500000002,0.0005641747500000002,6
digits_n250,250,20,1,johnson,0.024859412,0.0010589779999999986,6
digits_n250,250,20,2,dijkstra,0.020444255,0.0008282089999999999,6
digits_n250,250,20,2,floyd_warshall,0.0238154305,0.0024039877499999994,6
digits_n250,250,20,2,johnson,0.0276537705,0.0017279659999999974,6
digits_n250,250,20,3,dijkstra,0.0209684905,0.0008006485000000008,6
digits_n250,250,20,3,floyd_warshall,0.023315173,0.0007357520000000027,6
digits_n250,250,20,3,johnson,0.027417637,0.00052035525,6
digits_n250,250,20,4,dijkstra,0.020350852000000003,0.0013702822500000003,6
digits_n250,250,20,4,floyd_warshall,0.023209360999999998,0.0014470002500000002,6
digits_n250,250,20,4,johnson,0.0271267075,0.0005246117500000043,6
digits_n300,300,5,0,dijkstra,0.015153271,0.0004511037500000009,6
digits_n300,300,5,0,floyd_warshall,0.02434565,0.0007195002500000013,6
digits_n300,300,5,0,johnson,0.018866321,0.0012572802500000028,6
digits_n300,300,5,1,dijkstra,0.015530299000000001,0.000907120249999999,6
digits_n300,300,5,1,floyd_warshall,0.025991965,0.0006125975000000027,6
digits_n300,300,5,1,johnson,0.018520802500000003,0.0011597080000000023,6
digits_n300,300,5,2,dijkstra,0.014303836,0.0007395740000000015,6
digits_n300,300,5,2,floyd_warshall,0.023212247,0.0005463580000000003,6
digits_n300,300,5,2,johnson,0.017559415000000002,0.0006354452500000017,6
digits_n300,300,5,3,dijkstra,0.0152106415,0.0009248449999999988,6
digits_n300,300,5,3,floyd_warshall,0.0219812605,0.0015527919999999973,6
digits_n300,300,5,3,johnson,0.0179113235,0.0005481849999999996,6
digits_n300,300,5,4,dijkstra,0.015130880499999999,0.0005889669999999993,6
digits_n300,300,5,4,floyd_warshall,0.0233100885,0.000651158750000002,6
digits_n300,300,5,4,johnson,0.018604363,0.0003857949999999978,6
digits_n300,300,10,0,dijkstra,0.0209364355,0.0004895725000000004,6
digits_n300,300,10,0,floyd_warshall,0.032873118,0.000254049499999999,6
digits_n300,300,10,0,johnson,0.025724724499999997,0.0009151117500000028,6
digits_n300,300,10,1,dijkstra,0.0204282685,0.0003876805000000011,6
digits_n300,300,10,1,floyd_warshall,0.033808526,0.0019397965000000003,6
digits_n300,300,10,1,johnson,0.026199667500000003,0.0009097297499999976,6
digits_n300,300,10,2,dijkstra,0.020083306000000002,0.0005660092500000026,6
digits_n300,300,10,2,floyd_warshall,0.029748795,0.0010441394999999992,6
digits_n300,300,10,2,johnson,0.0232481605,0.0019517400000000004,6
digits_n300,300,10,3,dijkstra,0.020734458,0.0005633752499999978,6
digits_n300,300,10,3,floyd_warshall,0.029905682500000003,0.0005260569999999999,6
digits_n300,300,10,3,johnson,0.023625193500000002,0.00047223900000000277,6
digits_n300,300,10,4,dijkstra,0.0197008615,0.00029817424999999814,6
digits_n300,300,10,4,floyd_warshall,0.030164025499999997,0.0003959289999999997,6
digits_n300,300,10,4,johnson,0.02514847,0.00045380999999999894,6
digits_n300,300,20,0,dijkstra,0.031125243,0.003773995750000002,6
digits_n300,300,20,0,floyd_warshall,0.0394862525,0.004663637750000005,6
digits_n300,300,20,0,johnson,0.039704959,0.002220205000000003,6
digits_n300,300,20,1,dijkstra,0.029751908,0.0005333652499999973,6
digits_n300,300,20,1,floyd_warshall,0.0391845265,0.0009938692499999943,6
digits_n300,300,20,1,johnson,0.0402960485,0.0014642557500000042,6
digits_n300,300,20,2,dijkstra,0.0292117115,0.0019438972499999999,6
digits_n300,300,20,2,floyd_warshall,0.039992135,0.001777975000000001,6
digits_n300,300,20,2,johnson,0.039265317,0.0006165312499999964,6
digits_n300,300,20,3,dijkstra,0.0297924775,0.002488284000000004,6
digits_n300,300,20,3,floyd_warshall,0.041756773999999997,0.001742865250000003,6
digits_n300,300,20,3,johnson,0.0405260555,0.001455090499999992,6
digits_n300,300,20,4,dijkstra,0.028910035,0.0006017222499999988,6
digits_n300,300,20,4,floyd_warshall,0.038706585,0.002305021750000004,6
digits_n300,300,20,4,johnson,0.038419033500000005,0.0004610732499999992,6
digits_n400,400,5,0,dijkstra,0.026576004,0.0006672152499999986,6
digits_n400,400,5,0,floyd_warshall,0.057306052499999996,0.002615482250000002,6
digits_n400,400,5,0,johnson,0.03297749899999999,0.000683964499999995,6
digits_n400,400,5,1,dijkstra,0.02638117,0.0015813470000000003,6
digits_n400,400,5,1,floyd_warshall,0.056650708,0.0032074882500000013,6
digits_n400,400,5,1,johnson,0.031594183,0.00023805799999999933,6
digits_n400,400,5,2,dijkstra,0.0261872955,0.001486867499999999,6
digits_n400,400,5,2,floyd_warshall,0.054749025500000006,0.003066256250000003,6
digits_n400,400,5,2,johnson,0.031474713,0.0011870270000000037,6
digits_n400,400,5,3,dijkstra,0.026577563,0.0008512654999999966,6
digits_n400,400,5,3,floyd_warshall,0.0555241515,0.001867671750000001,6
digits_n400,400,5,3,johnson,0.0329309395,0.0008819445000000023,6
digits_n400,400,5,4,dijkstra,0.0267174025,0.0009873900000000012,6
digits_n400,400,5,4,floyd_warshall,0.0483565885,0.002616746000000003,6
digits_n400,400,5,4,johnson,0.029691833,0.001228884000000003,6
digits_n400,400,10,0,dijkstra,0.0374233295,0.0008116847500000066,6
digits_n400,400,10,0,floyd_warshall,0.0756347055,0.004687554499999996,6
digits_n400,400,10,0,johnson,0.04746894,0.0025999915000000026,6
digits_n400,400,10,1,dijkstra,0.0355916535,0.0006128272499999962,6
digits_n400,400,10,1,floyd_warshall,0.080701996,0.0027421482500000066,6
digits_n400,400,10,1,johnson,0.045489202,0.0003132492500000014,6
digits_n400,400,10,2,dijkstra,0.036710229999999996,0.0011028970000000055,6
digits_n400,400,10,2,floyd_warshall,0.0819289325,0.002505096750000005,6
digits_n400,400,10,2,johnson,0.0475307165,0.0028245867499999966,6
digits_n400,400,10,3,dijkstra,0.0361560385,0.000471081250000005,6
digits_n400,400,10,3,floyd_warshall,0.0757346945,0.0034905959999999986,6
digits_n400,400,10,3,johnson,0.045790229,0.0018565609999999996,6
digits_n400,400,10,4,dijkstra,0.0363531205,0.0016320879999999968,6
digits_n400,400,10,4,floyd_warshall,0.083328416,0.01645983525,6
digits_n400,400,10,4,johnson,0.046960584,0.0016298742499999963,6
digits_n400,400,20,0,dijkstra,0.0524922535,0.0006156717500000047,6
digits_n400,400,20,0,floyd_warshall,0.0882949295,0.0016958925000000041,6
digits_n400,400,20,0,johnson,0.069361521,0.001082844750000006,6
digits_n400,400,20,1,dijkstra,0.051270421999999996,0.0007707782499999996,6
digits_n400,400,20,1,floyd_warshall,0.0884202,0.008801126750000013,6
digits_n400,400,20,1,johnson,0.068117576,0.0011987004999999967,6
digits_n400,400,20,2,dijkstra,0.052742149,0.0017778947499999948,6
digits_n400,400,20,2,floyd_warshall,0.0923647165,0.003988422499999991,6
digits_n400,400,20,2,johnson,0.070576366,0.002018408499999999,6
digits_n400,400,20,3,dijkstra,0.0516645025,0.0006565424999999958,6
digits_n400,400,20,3,floyd_warshall,0.091393045,0.0025395534999999997,6
digits_n400,400,20,3,johnson,0.069197686,0.0016757650000000096,6
digits_n400,400,20,4,dijkstra,0.052944883,0.0015261470000000055,6
digits_n400,400,20,4,floyd_warshall,0.09004614699999999,0.0062824057499999975,6
digits_n400,400,20,4,johnson,0.0698636435,0.0013134187499999894,6
digits_n500,500,5,0,dijkstra,0.042711242999999996,0.0017702230000000013,6
digits_n500,500,5,0,floyd_warshall,0.113334069,0.0024164915000000065,6
digits_n500,500,5,0,johnson,0.050433224,0.0014732517500000014,6
digits_n500,500,5,1,dijkstra,0.04285805,0.001018369250000005,6
digits_n500,500,5,1,floyd_warshall,0.11465412050000001,0.004308213250000012,6
digits_n500,500,5,1,johnson,0.050898088499999994,0.002098899250000001,6
digits_n500,500,5,2,dijkstra,0.041241787,0.0011991062500000052,6
digits_n500,500,5,2,floyd_warshall,0.107372226,0.003158988500000001,6
digits_n500,500,5,2,johnson,0.050220539,0.001096461249999993,6
digits_n500,500,5,3,dijkstra,0.040771194999999996,0.0023973934999999974,6
digits_n500,500,5,3,floyd_warshall,0.1096080515,0.0030808267500000014,6
digits_n500,500,5,3,johnson,0.048837163,0.0006855397499999985,6
digits_n500,500,5,4,dijkstra,0.041625950999999994,0.002323310250000002,6
digits_n500,500,5,4,floyd_warshall,0.11054915000000001,0.0025847487500000044,6
digits_n500,500,5,4,johnson,0.051233195499999995,0.0014296877499999985,6
digits_n500,500,10,0,dijkstra,0.0567348605,0.0009303852499999987,6
digits_n500,500,10,0,floyd_warshall,0.1356612895,0.011018606250000007,6
digits_n500,500,10,0,johnson,0.07109882149999999,0.004668712999999991,6
digits_n500,500,10,1,dijkstra,0.056183643,0.0033634757499999973,6
digits_n500,500,10,1,floyd_warshall,0.1434515315,0.007451417750000022,6
digits_n500,500,10,1,johnson,0.071316616,0.004791320500000001,6
digits_n500,500,10,2,dijkstra,0.0551418185,0.0013522229999999927,6
digits_n500,500,10,2,floyd_warshall,0.14041291350000001,0.006782402750000027,6
digits_n500,500,10,2,johnson,0.07261817549999999,0.003346959750000017,6
digits_n500,500,10,3,dijkstra,0.057094952500000004,0.0025571510000000006,6
digits_n500,500,10,3,floyd_warshall,0.141448953,0.009860342750000028,6
digits_n500,500,10,3,johnson,0.070348822,0.002723821500000001,6
digits_n500,500,10,4,dijkstra,0.0549288515,0.0012783194999999997,6
digits_n500,500,10,4,floyd_warshall,0.143464063,0.012305639250000028,6
digits_n500,500,10,4,johnson,0.070937263,0.00653994225,6
digits_n500,500,20,0,dijkstra,0.0813530195,0.0005147809999999919,6
digits_n500,500,20,0,floyd_warshall,0.17136399200000002,0.005902853250000006,6
digits_n500,500,20,0,johnson,0.10602083000000001,0.0018140299999999943,6
digits_n500,500,20,1,dijkstra,0.0848760305,0.0038914934999999956,6
digits_n500,500,20,1,floyd_warshall,0.184174226,0.008414675499999968,6
digits_n500,500,20,1,johnson,0.10962888600000001,0.0032848807499999966,6
digits_n500,500,20,2,dijkstra,0.0835585965,0.04654444975000001,6
digits_n500,500,20,2,floyd_warshall,0.1730665875,0.059952589,6
digits_n500,500,20,2,johnson,0.1103952825,0.006837485750000011,6
digits_n500,500,20,3,dijkstra,0.080777812,0.0025816467499999857,6
digits_n500,500,20,3,floyd_warshall,0.169819847,0.011014874250000029,6
digits_n500,500,20,3,johnson,0.1056683385,0.0031318797499999967,6
digits_n500,500,20,4,dijkstra,0.081618416,0.0024266552500000066,6
digits_n500,500,20,4,floyd_warshall,0.1694560105,0.013489033000000011,6
digits_n500,500,20,4,johnson,0.107180977,0.0011358110000000005,6
digits_n750,750,5,0,dijkstra,0.0980664675,0.0013975162500000082,6
digits_n750,750,5,0,floyd_warshall,0.350688048,0.02153642274999995,6
digits_n750,750,5,0,johnson,0.1187119375,0.003330496250000009,6
digits_n750,750,5,1,dijkstra,0.092953162,0.0020992884999999906,6
digits_n750,750,5,1,floyd_warshall,0.3343507135,0.029698844499999988,6
digits_n750,750,5,1,johnson,0.1144907325,0.00610564475,6
digits_n750,750,5,2,dijkstra,0.090812999,0.0021301312500000003,6
digits_n750,750,5,2,floyd_warshall,0.33924658100000005,0.00696415625000002,6
digits_n750,750,5,2,johnson,0.11089157799999999,0.0006366092499999892,6
digits_n750,750,5,3,dijkstra,0.095372281,0.0022468760000000088,6
digits_n750,750,5,3,floyd_warshall,0.34645126950000005,0.002432502750000065,6
digits_n750,750,5,3,johnson,0.108204611,0.004034062249999998,6
digits_n750,750,5,4,dijkstra,0.093083729,0.00318405175,6
digits_n750,750,5,4,floyd_warshall,0.323143592,0.006897765249999965,6
digits_n750,750,5,4,johnson,0.105737312,0.0025495367499999977,6
digits_n750,750,10,0,dijkstra,0.12922448,0.002397646249999996,6
digits_n750,750,10,0,floyd_warshall,0.47761288150000003,0.017707484750000002,6
digits_n750,750,10,0,johnson,0.1612573075,0.0030747625000000223,6
digits_n750,750,10,1,dijkstra,0.129067359,0.005346752500000024,6
digits_n750,750,10,1,floyd_warshall,0.4478337445,0.031238009999999983,6
digits_n750,750,10,1,johnson,0.16339440100000002,0.0018865389999999926,6
digits_n750,750,10,2,dijkstra,0.128645813,0.003499382500000009,6
digits_n750,750,10,2,floyd_warshall,0.453230605,0.01627783275,6
digits_n750,750,10,2,johnson,0.1590531875,0.016449927749999982,6
digits_n750,750,10,3,dijkstra,0.1290140865,0.005942369000000003,6
digits_n750,750,10,3,floyd_warshall,0.476340376,0.029981509500000003,6
digits_n750,750,10,3,johnson,0.17065253149999998,0.019105357500000003,6
digits_n750,750,10,4,dijkstra,0.127585052,0.004866676249999979,6
digits_n750,750,10,4,floyd_warshall,0.4493582365,0.041656236999999985,6
digits_n750,750,10,4,johnson,0.149750514,0.010973021999999999,6
digits_n750,750,20,0,dijkstra,0.1870658365,0.011219286000000023,6
digits_n750,750,20,0,floyd_warshall,0.516772877,0.02633696224999993,6
digits_n750,750,20,0,johnson,0.235276856,0.01853955674999999,6
digits_n750,750,20,1,dijkstra,0.18807017799999998,0.006522625249999997,6
digits_n750,750,20,1,floyd_warshall,0.5335926390000001,0.03132330999999999,6
digits_n750,750,20,1,johnson,0.24355905700000002,0.010565568499999983,6
digits_n750,750,20,2,dijkstra,0.18312767349999998,0.0062579269999999965,6
digits_n750,750,20,2,floyd_warshall,0.5645355704999999,0.006067161250000064,6
digits_n750,750,20,2,johnson,0.245111219,0.0038131272499999924,6
digits_n750,750,20,3,dijkstra,0.18822563050000002,0.009248673749999964,6
digits_n750,750,20,3,floyd_warshall,0.525577876,0.014258677499999983,6
digits_n750,750,20,3,johnson,0.2260230755,0.006418421749999986,6
digits_n750,750,20,4,dijkstra,0.1920506725,0.01039575550000002,6
digits_n750,750,20,4,floyd_warshall,0.524825949,0.006259336249999858,6
digits_n750,750,20,4,johnson,0.2303000195,0.006552965000000022,6
